{
    "model": {
      "model_name": "GPT3",
      "num_layers": 10,
      "parameters": {
        "total_parameters_bytes": 601952256,
        "parameters_per_layer_bytes": [98566144, 50601984, 50601984, 50601984, 50601984, 50601984, 50601984, 50601984, 50601984, 98570240],
        "activation_parameters_bytes": [98566144, 50601984, 50601984, 50601984, 50601984, 50601984, 50601984, 50601984, 50601984, 98570240]
        
      }
    },
    "execution_time": {
      "total_time_ms": 1137.5594139099121,
      "batch_generator_time_ms": 934.1955184936523,
      "layernorm_grads_all_reduce_time_ms": 459.5518112182617,
      "embedding_grads_all_reduce_time_ms": 37.360191345214844,
      "forward_backward_time_ms": 10814.285278320312,
      "optimizer_time_ms": 10814.285278320312,
      "layer_compute_total_ms": [1.4263919830322266, 10.216951370239258, 10.216951370239258, 10.216951370239258, 10.216951370239258, 10.216951370239258, 10.216951370239258, 10.216951370239258, 10.216951370239258, 0.3376007080078125]
    },
    "execution_memory": {
      "total_memory_mb": 15150.69,
      "layer_memory_total_mb": [2366.8, 1195.9, 1195.9, 1195.9, 1195.9, 1195.9, 1195.9, 1195.9, 1195.9, 3216.7]
    }
  }
  